,url
0,https://apartamento.mercadolibre.com.uy/MLU-450621586-apartamento-de-1-dorm-en-alquiler-con-garage-_JM
1,https://apartamento.mercadolibre.com.uy/MLU-450680237-alquilo-apartamento-reciclado-a-nuevo-todo-pleno-centro-_JM
2,https://apartamento.mercadolibre.com.uy/MLU-450699944-hermoso-apto-al-frente-con-o-sin-muebles-_JM
3,https://apartamento.mercadolibre.com.uy/MLU-450680460-plaza-libertad-prox-tel-094937722-_JM
4,https://apartamento.mercadolibre.com.uy/MLU-450109341-gran-oportunidad-a-cuadras-de-18-de-julio-17800-_JM
5,https://apartamento.mercadolibre.com.uy/MLU-450179511-inmobiliaria-verde-alquila-2-dorm-excelente-ubicacion-_JM
6,https://apartamento.mercadolibre.com.uy/MLU-450041440-un-dormitorio-aoblado-en-el-centro-del-centro-andes-y-18-_JM
7,https://apartamento.mercadolibre.com.uy/MLU-449916054-oportunidad-hermoso-apto-centrico-al-frente-3-dormitorios-_JM
8,https://apartamento.mercadolibre.com.uy/MLU-450529907-alquiler-centro-_JM
9,https://apartamento.mercadolibre.com.uy/MLU-450109706-linda-oportunidad-a-2-de-18-de-julio-20000-_JM
10,https://apartamento.mercadolibre.com.uy/MLU-450139889-ghiterman-alquila-divino-apartamento-reciclado-_JM
11,https://apartamento.mercadolibre.com.uy/MLU-450364696-apto-1-dorm-al-frente-cbalcon-nuevo-impecable-centro-_JM
12,https://apartamento.mercadolibre.com.uy/MLU-450679615-hermoso-apartamento-de-2-dormitorios-con-garaje-_JM
13,https://apartamento.mercadolibre.com.uy/MLU-450591737-a-estrenar-18-y-ejido-2-ambientes-amplios-apto-oficina-_JM
14,https://apartamento.mercadolibre.com.uy/MLU-450642519-tipo-casita-ideal-estudiantes-_JM
15,https://apartamento.mercadolibre.com.uy/MLU-450532346-apto-centro-1dorm-nivel-ideal-parejaestudiantesestudio-_JM
16,https://apartamento.mercadolibre.com.uy/MLU-450092288-apartamento-sobre-18-de-julio-1-dorm-_JM
17,https://apartamento.mercadolibre.com.uy/MLU-450561211-apartamento-de-1-dormitorio-en-pleno-centro-_JM
18,https://apartamento.mercadolibre.com.uy/MLU-450102063-reciclado-mercedes-y-ejido-65m2-al-frente-muy-luminoso-_JM
19,https://apartamento.mercadolibre.com.uy/MLU-450340922-alquilo-apartamento-en-18-de-julio-a-estrenar-_JM
20,https://apartamento.mercadolibre.com.uy/MLU-449880774-oportunidad-centro-de-montevideo-solo-15000-_JM
21,https://apartamento.mercadolibre.com.uy/MLU-450131775-centro-excelente-apto2-dormitorios-vivienda-o-estudio-_JM
22,https://apartamento.mercadolibre.com.uy/MLU-449700942-apartamento-en-alquiler-en-centro-_JM
23,https://apartamento.mercadolibre.com.uy/MLU-449861932-apartamento-en-alquiler-de-2-dormitorios-en-centro-_JM
24,https://apartamento.mercadolibre.com.uy/MLU-450179266-dueno-excelente-ubicacion-muy-ilumindo-y-comodo-_JM
25,https://apartamento.mercadolibre.com.uy/MLU-450638894-apartamentos-en-alquiler-en-el-centro-_JM
26,https://apartamento.mercadolibre.com.uy/MLU-450658881-apartamento-centro-2-dormitorios-_JM
27,https://apartamento.mercadolibre.com.uy/MLU-449677128-excelente-apto-centro-a-la-calle-dueno-alquila-_JM
28,https://apartamento.mercadolibre.com.uy/MLU-450246245-lindisimo-apartamento-2-dormitorios-a-nuevo-planta-baja-_JM
29,https://apartamento.mercadolibre.com.uy/MLU-450342645-impecable-apartamento-en-el-centro-dos-dormitorios-_JM
30,https://apartamento.mercadolibre.com.uy/MLU-449938870-muy-lindo-apto-2-dormitorios-a-metros-de-la-rambla-_JM
31,https://apartamento.mercadolibre.com.uy/MLU-450404183-apartamento-ideal-para-oficinas-o-consultorio-pleno-centro-_JM
32,https://apartamento.mercadolibre.com.uy/MLU-450181726-una-muy-buena-oportunidad-_JM
33,https://apartamento.mercadolibre.com.uy/MLU-450178837-apartamento-en-alquiler-en-centro-_JM
34,https://apartamento.mercadolibre.com.uy/MLU-450601863-alquiler-apartamento-centro-1-dormitorio-_JM
35,https://apartamento.mercadolibre.com.uy/MLU-450571050-excelente-estado-al-frente-muy-luminoso-y-buena-ubicacion-_JM
36,https://apartamento.mercadolibre.com.uy/MLU-450479500-duena-alquila-excelente-apartamento-sobre-avenida-principal-_JM
37,https://apartamento.mercadolibre.com.uy/MLU-449936558-luminoso-apartamento-de-un-dormitorio-_JM
38,https://apartamento.mercadolibre.com.uy/MLU-450645860-centro-a-estrenar-al-ftetza1-dorm-1-bano-_JM
39,https://apartamento.mercadolibre.com.uy/MLU-450700725-mono-ambiente-a-buen-precio-en-centro-_JM
40,https://apartamento.mercadolibre.com.uy/MLU-450624382-apartamento-de-1-dorm-en-alquiler-con-garage-_JM
41,https://apartamento.mercadolibre.com.uy/MLU-450673331-oportunidad-departament-1-dormitorio-ideal-para-estudiantes-_JM
42,https://apartamento.mercadolibre.com.uy/MLU-450689981-gran-oportunidad-en-mercedes-1734-_JM
43,https://apartamento.mercadolibre.com.uy/MLU-450680169-apartamento-ejido-1390-ap-702-en-alquiler-_JM
44,https://apartamento.mercadolibre.com.uy/MLU-450620023-sin-gastos-comunes-con-patio-y-parrillero-_JM
45,https://apartamento.mercadolibre.com.uy/MLU-450622550-espectacular-apartamento-de-1-dormitorio-en-18-de-julio-_JM
46,https://apartamento.mercadolibre.com.uy/MLU-450690588-oportunidad-departamento-1-dormitorio-ideal-para-estudiante-_JM
47,https://apartamento.mercadolibre.com.uy/MLU-450683693-estrena-al-frente-locomocion-gc-aprox-3000-_JM
48,https://apartamento.mercadolibre.com.uy/MLU-450690993-oportunidad-departamento-2-dormitorios-_JM
49,https://apartamento.mercadolibre.com.uy/MLU-450648947-live-soho-apartamento-1-dormitorio-centro-_JM
50,https://apartamento.mercadolibre.com.uy/MLU-448358411-apartamento-2-dormitorios-1-bano-en-centro-_JM
51,https://apartamento.mercadolibre.com.uy/MLU-449469948-alquiler-monoambiente-penthouse-centro-_JM
52,https://apartamento.mercadolibre.com.uy/MLU-447655421-1-dormitorio-y-medio-_JM
53,https://apartamento.mercadolibre.com.uy/MLU-449487392-al-frente-1-dormitorio-comodo-vista-despejada-_JM
54,https://apartamento.mercadolibre.com.uy/MLU-448588521-apartamento-en-pleno-centro-_JM
55,https://apartamento.mercadolibre.com.uy/MLU-449074636-alquiler-apartamento-2-dormitorios-centro-terraza-_JM
56,https://apartamento.mercadolibre.com.uy/MLU-450473467-precioso-dpto-1-dorm-centro-_JM
57,https://apartamento.mercadolibre.com.uy/MLU-450605694-prolijo-apartamento-completamente-renovado-y-muy-luminoso-_JM
58,https://apartamento.mercadolibre.com.uy/MLU-449463454-alquile-gran-unidad-en-excelente-ubicacion-1-dorm-con-terraza-_JM
59,https://apartamento.mercadolibre.com.uy/MLU-450496789-alquiler-apartamento-en-alma-sur-1-dormitorio-_JM
60,https://apartamento.mercadolibre.com.uy/MLU-450606129-2-dorm-61m2-apartamento-en-centro-_JM
61,https://apartamento.mercadolibre.com.uy/MLU-450404283-paysandu-esq-rondeau-_JM
62,https://apartamento.mercadolibre.com.uy/MLU-450321693-apartamento-1-dormitorio-44-m2-piso-7-rio-branco-y-colonia-_JM
63,https://apartamento.mercadolibre.com.uy/MLU-450017668-inmejorable-ubicacion-a-mtsde-18-_JM
64,https://apartamento.mercadolibre.com.uy/MLU-450544107-apartamento-en-alquiler-en-centro-_JM
65,https://apartamento.mercadolibre.com.uy/MLU-449637962-apartamento-1-dormitorio-centro-sobre-18-con-calefaccion-_JM
66,https://apartamento.mercadolibre.com.uy/MLU-449826590-apartamento-en-alquiler-en-edificio-danubio-_JM
67,https://apartamento.mercadolibre.com.uy/MLU-450017352-muy-bien-ubicadoa-metros-de-18-_JM
68,https://apartamento.mercadolibre.com.uy/MLU-448545621-1-dormitorio-sin-gastos-comunes-_JM
69,https://apartamento.mercadolibre.com.uy/MLU-450568963-andes-y-18-_JM
70,https://apartamento.mercadolibre.com.uy/MLU-449106701-apartamento-de-2-dormitorios-_JM
71,https://apartamento.mercadolibre.com.uy/MLU-450330146-alquiler-de-apartamento-en-el-centro-piso-alto-_JM
72,https://apartamento.mercadolibre.com.uy/MLU-450605603-2-dormitorios-ideal-estudiantes-_JM
73,https://apartamento.mercadolibre.com.uy/MLU-449801082-oportunidad-amplio-a-pasos-de-av-del-libertador-_JM
74,https://apartamento.mercadolibre.com.uy/MLU-449329868-centro-2-dor62m26-pisoal-frenteaa-_JM
75,https://apartamento.mercadolibre.com.uy/MLU-449587798-apartamento-en-alquiler-de-2-dormitorios-en-centro-_JM
76,https://apartamento.mercadolibre.com.uy/MLU-449754122-gran-apto-de-excelente-distribucion-y-metraje-cerca-de-todo-_JM
77,https://apartamento.mercadolibre.com.uy/MLU-449896463-reservado-consulte-otras-opciones-_JM
78,https://apartamento.mercadolibre.com.uy/MLU-449735163-2-dormitorios-amplios-y-comodos-_JM
79,https://apartamento.mercadolibre.com.uy/MLU-450605675-2-dormitorios-ideal-estudiantes-_JM
80,https://apartamento.mercadolibre.com.uy/MLU-450194762-oportunidad-de-aprtamento-en-centro-_JM
81,https://apartamento.mercadolibre.com.uy/MLU-449788408-apartamento-en-alquiler-de-2-dormitorios-en-centro-_JM
82,https://apartamento.mercadolibre.com.uy/MLU-450554188-apartamento-dos-dormitorios-en-centro-canelones-y-paraguay-_JM
83,https://apartamento.mercadolibre.com.uy/MLU-449818834-apartamento-av-18-de-julio-2247-ap-703-en-alquiler-_JM
84,https://apartamento.mercadolibre.com.uy/MLU-450606927-apartamento-en-alquiler-de-2-dormitorios-en-barrio-sur-_JM
85,https://apartamento.mercadolibre.com.uy/MLU-450288238-muy-amplio-excelente-estado-y-ubicacion-opcion-2do-dormitorio-_JM
86,https://apartamento.mercadolibre.com.uy/MLU-450602575-precioso-apartamento-al-frente-vista-despejada-_JM
87,https://apartamento.mercadolibre.com.uy/MLU-450341431-hermosa-vista-en-el-centro-_JM
88,https://apartamento.mercadolibre.com.uy/MLU-449469884-alquiler-penthouse-de-1-dormitorio-con-amplia-terraza-_JM
89,https://apartamento.mercadolibre.com.uy/MLU-449873718-apartamento-en-alquiler-de-1-dormitorio-en-centro-_JM
90,https://apartamento.mercadolibre.com.uy/MLU-450300530-amplio-y-luminoso-en-pleno-centro-sur-proximo-a-la-rambla-_JM
91,https://apartamento.mercadolibre.com.uy/MLU-449392033-apartamento-1-dormitorio-tacuarembo-y-18-de-julio-_JM
92,https://apartamento.mercadolibre.com.uy/MLU-450301947-se-alquila-muy-buen-apartamento-en-zona-centro-_JM
93,https://apartamento.mercadolibre.com.uy/MLU-449771444-a-400-mts-de-18-y-la-rambla-con-patio-bano-a-estrenar-_JM
94,https://apartamento.mercadolibre.com.uy/MLU-450453411-precioso-apartamento-al-frente-vista-despejada-_JM
95,https://apartamento.mercadolibre.com.uy/MLU-450161846-apartamento-de-dos-dormitorios-_JM
96,https://apartamento.mercadolibre.com.uy/MLU-450124755-apartamento-muy-luminoso-y-soleado-_JM
97,https://apartamento.mercadolibre.com.uy/MLU-444197212-apartamento-en-alquiler-de-1-dormitorio-en-centro-_JM
98,https://apartamento.mercadolibre.com.uy/MLU-450070325-oportunidad-1-dormitorio-en-centro-_JM
99,https://apartamento.mercadolibre.com.uy/MLU-449828943-alquiler-1-dormitorio-_JM
100,https://apartamento.mercadolibre.com.uy/MLU-449573020-apto-de-un-dormitorio-con-garaje-_JM
101,https://apartamento.mercadolibre.com.uy/MLU-449575875-centro-2-dor-61mts2-2-bano-al-frentevig-_JM
102,https://apartamento.mercadolibre.com.uy/MLU-450274641-imperdible-ambientes-amplios-terraza-lavadero-balcon-_JM
103,https://apartamento.mercadolibre.com.uy/MLU-450450423-apartamento-de-1-dormitorio-centro-_JM
104,https://apartamento.mercadolibre.com.uy/MLU-449520064-muy-soleado-en-rio-negro-y-18-_JM
105,https://apartamento.mercadolibre.com.uy/MLU-450188652-imperdible-apartamento-de-1-dormitorio-en-centro-_JM
106,https://apartamento.mercadolibre.com.uy/MLU-441683952-apartamento-tanto-como-oficina-o-abitacional-_JM
107,https://apartamento.mercadolibre.com.uy/MLU-450152325-apartamentos-en-centro-_JM
108,https://apartamento.mercadolibre.com.uy/MLU-450243683-excelente-apartamento-en-pleno-centro-_JM
109,https://apartamento.mercadolibre.com.uy/MLU-450533181-al-frente-amplio-y-luminoso-portero-ascensor-locomocion-_JM
110,https://apartamento.mercadolibre.com.uy/MLU-449349996-espectacular-apartamento-en-centro-_JM
111,https://apartamento.mercadolibre.com.uy/MLU-450286371-apartamento-con-patio-_JM
112,https://apartamento.mercadolibre.com.uy/MLU-449882802-imperdible-2-dormitorios-en-centro-con-terraza-lav-_JM
113,https://apartamento.mercadolibre.com.uy/MLU-450189678-apartamento-en-alquiler-en-centro-_JM
114,https://apartamento.mercadolibre.com.uy/MLU-450187471-espectacular-apartamento-en-centro-_JM
115,https://apartamento.mercadolibre.com.uy/MLU-450529888-apartamento-1-dormitorio-luminoso-cerca-de-18-pleno-centro-_JM
116,https://apartamento.mercadolibre.com.uy/MLU-450188733-a-una-cuadra-de-18-super-amplio-y-luminoso-_JM
117,https://apartamento.mercadolibre.com.uy/MLU-450607022-apartamento-en-alquiler-de-2-dormitorios-_JM
118,https://apartamento.mercadolibre.com.uy/MLU-448405351-alquiler-1-dormitorio-alma-sur-a-estrenar-_JM
119,https://apartamento.mercadolibre.com.uy/MLU-450531896-apartamento-av-gral-rondeau-1679-apto-602-en-alquiler-_JM
120,https://apartamento.mercadolibre.com.uy/MLU-449842440-precioso-apartamento-al-frente-con-terraza-muy-buena-planta-_JM
121,https://apartamento.mercadolibre.com.uy/MLU-449714590-al-frente-amplio-a-1-cuadra-de-la-playa-linda-vista-_JM
122,https://apartamento.mercadolibre.com.uy/MLU-450194272-ideal-estudiantes-sin-gastos-comunes-azotea-claraboya-_JM
123,https://apartamento.mercadolibre.com.uy/MLU-449162565-espectacular-apto-en-centro-1dom-csum-a-pasos-de-cv-_JM
124,https://apartamento.mercadolibre.com.uy/MLU-449663411-oportunidad-pleno-centro-excelente-locomocion-y-servicios-_JM
125,https://apartamento.mercadolibre.com.uy/MLU-449961391-monoambiente-enorme-equipado-con-balcon-con-vista-a-18-_JM
126,https://apartamento.mercadolibre.com.uy/MLU-450222905-espectacular-apartamento-en-palermo-_JM
127,https://apartamento.mercadolibre.com.uy/MLU-449410240-apartamento-en-alquiler-de-1-dormitorio-en-centro-_JM
128,https://apartamento.mercadolibre.com.uy/MLU-449162585-excelente-con-o-sin-muebles-1dom-cdeck-a-6-de-la-imm-_JM
129,https://apartamento.mercadolibre.com.uy/MLU-450531259-estrene-ya-1er-piso-al-frente-aire-acond-gc-3000-_JM
130,https://apartamento.mercadolibre.com.uy/MLU-450361744-sobre-18-de-julio-ideal-para-estudiantes-_JM
131,https://apartamento.mercadolibre.com.uy/MLU-449162834-ideal-apartamento-con-o-sin-muebles-1-dormitorio-_JM
132,https://apartamento.mercadolibre.com.uy/MLU-449995094-ideal-para-estudiantes-proximo-a-la-facultad-de-psicologia-_JM
133,https://apartamento.mercadolibre.com.uy/MLU-450562626-soriano-y-cuareim-piso-alto-cocina-definida-_JM
134,https://apartamento.mercadolibre.com.uy/MLU-450528896-a-estrenar-cerca-de-todo-1-dormitorio-con-placard-_JM
135,https://apartamento.mercadolibre.com.uy/MLU-446807534-un-lugar-para-vivir-o-trabajar-monoambiente-_JM
136,https://apartamento.mercadolibre.com.uy/MLU-450694639-apartamento-en-lindo-edificio-reciclado-con-garage-_JM
137,https://apartamento.mercadolibre.com.uy/MLU-448842250-ideal-vivienda-u-oficina-_JM
138,https://apartamento.mercadolibre.com.uy/MLU-449775770-apartamento-en-alquiler-de-2-dormitorios-en-centro-_JM
139,https://apartamento.mercadolibre.com.uy/MLU-449736835-amplio-ambiente-centrico-_JM
140,https://apartamento.mercadolibre.com.uy/MLU-450422138-apartamento-en-alquiler-1-dormitorio-en-andes-y-18-de-julio-_JM
141,https://apartamento.mercadolibre.com.uy/MLU-449874269-mono-ambiente-centrico-sobre-gutierrez-ruiz-_JM
142,https://apartamento.mercadolibre.com.uy/MLU-449162691-con-patio-portera-24hs-amplio-cerca-de-todo-locomocion-_JM
143,https://apartamento.mercadolibre.com.uy/MLU-450422311-apartamento-en-alquiler-1-dormitorio-a-estrenar-_JM
144,https://apartamento.mercadolibre.com.uy/MLU-450015455-a-mts-de-la-imm-muy-amplio-y-luminoso-ideal-estudiantes-_JM
145,https://apartamento.mercadolibre.com.uy/MLU-449162805-apartamento-con-balcon-en-el-centro-_JM
146,https://apartamento.mercadolibre.com.uy/MLU-450531366-oportunidad-a-estrenar-1-dormitorio-en-pleno-centro-_JM
147,https://apartamento.mercadolibre.com.uy/MLU-450070909-impecable-apartamento-en-centro-1-dormitorio-_JM
148,https://apartamento.mercadolibre.com.uy/MLU-450372514-imperdible-2-dormitorios-en-pleno-centro-_JM
149,https://apartamento.mercadolibre.com.uy/MLU-450694993-monoambiente-en-hno-damasceno-y-cerro-largo-_JM
150,https://apartamento.mercadolibre.com.uy/MLU-450411356-excelente-unidad-ideal-punto-logistico-_JM
151,https://apartamento.mercadolibre.com.uy/MLU-449148618-sobre-18-de-julio-amueblado-piso-alto-con-balcon-gc-4900-_JM
152,https://apartamento.mercadolibre.com.uy/MLU-449108018-a-estrenar-andes-piso-alto-1-dormitorio-bien-amplio-_JM
153,https://apartamento.mercadolibre.com.uy/MLU-450181116-a-mts-de-rambla-a-metros-de-pza-independencia-gc-1760-_JM
154,https://apartamento.mercadolibre.com.uy/MLU-449571593-apartamento-en-el-centro-calle-uruguay-_JM
155,https://apartamento.mercadolibre.com.uy/MLU-450070099-oportunidad-1-dormitorio-en-centro-en-excelente-estado-_JM
156,https://apartamento.mercadolibre.com.uy/MLU-449824053-centro-penthouse-duplex-opcion-con-muebles-_JM
157,https://apartamento.mercadolibre.com.uy/MLU-450105609-sin-gastos-comunes-al-frente-amplio-y-luminoso-_JM
158,https://apartamento.mercadolibre.com.uy/MLU-450185059-apartamento-en-centro-1-me-gratis-_JM
159,https://apartamento.mercadolibre.com.uy/MLU-450127802-con-garage-al-frente-aire-acond-porteria-gc-4200-_JM
160,https://apartamento.mercadolibre.com.uy/MLU-449857203-amplio-local-comercial-_JM
161,https://apartamento.mercadolibre.com.uy/MLU-450503012-a-estrenar-excelente-locacion-porteria-amplio-y-luminoso-_JM
162,https://apartamento.mercadolibre.com.uy/MLU-450447166-impecable-al-frente-piso-9-gastos-bajos-_JM
163,https://apartamento.mercadolibre.com.uy/MLU-450110629-espectacular-apartamento-zona-centro-1-dormitorio-_JM
164,https://apartamento.mercadolibre.com.uy/MLU-450373200-oportunidad-1-dormitorio-ideal-para-estudiante-_JM
165,https://apartamento.mercadolibre.com.uy/MLU-449891062-excelente-penthouse-con-preciosas-vistas-sobre-18-de-julio-_JM
166,https://apartamento.mercadolibre.com.uy/MLU-450187167-impecable-apartamento-con-bajos-gastos-comunes-_JM
167,https://apartamento.mercadolibre.com.uy/MLU-450388330-oportunidad-apartamento-1-dormitorio-_JM
168,https://apartamento.mercadolibre.com.uy/MLU-449891313-imperdible-apartamento-1-dormitorio-en-centro-de-montevideo-_JM
169,https://apartamento.mercadolibre.com.uy/MLU-449638165-oportunidad-1-dormitorio-penthouse-en-pleno-centro-_JM
170,https://apartamento.mercadolibre.com.uy/MLU-450327324-oportunidad-1-dormitorio-en-centro-_JM
171,https://apartamento.mercadolibre.com.uy/MLU-450421833-apartamento-en-alquiler-1-dormitorio-sobre-18-de-julio-_JM
172,https://apartamento.mercadolibre.com.uy/MLU-450199632-gran-apartamento-en-alquiler-en-durazno-1063-_JM
173,https://apartamento.mercadolibre.com.uy/MLU-450279701-excelente-apartamento-en-el-centro-_JM
174,https://apartamento.mercadolibre.com.uy/MLU-450128270-alquiler-penthouse-de-1-dormitorio-con-amplia-terraza-_JM
175,https://apartamento.mercadolibre.com.uy/MLU-449740157-oportunidad-1-dormitorio-en-centro-_JM
176,https://apartamento.mercadolibre.com.uy/MLU-448726973-nuevo-y-cerca-de-todo-kosak-_JM
177,https://apartamento.mercadolibre.com.uy/MLU-449343838-imperdible-1-dormitorio-en-pleno-centro-_JM
178,https://apartamento.mercadolibre.com.uy/MLU-449773667-amplio-y-luminoso-dos-dormitorios-con-balcon-al-frente-_JM
179,https://apartamento.mercadolibre.com.uy/MLU-450380289-excelente-apartamento-centro-_JM
180,https://apartamento.mercadolibre.com.uy/MLU-450314793-excelente-estado-a-pasos-de-18-de-julio-_JM
181,https://apartamento.mercadolibre.com.uy/MLU-450124167-oportunidad-en-centro-1-dormitorio-_JM
182,https://apartamento.mercadolibre.com.uy/MLU-449348708-oportunidad-imperdible-en-centro-a-pasos-de-18-de-julio-_JM
183,https://apartamento.mercadolibre.com.uy/MLU-449962329-alquiler-apartamento-2-dormitorios-en-el-centro-_JM
184,https://apartamento.mercadolibre.com.uy/MLU-450114227-2do-piso-portero-24hs-3-dorm-gc-4800-a-pasos-de-rambla-_JM
185,https://apartamento.mercadolibre.com.uy/MLU-449324173-impecable-2-dormitorios-a-metros-de-rambla-_JM
186,https://apartamento.mercadolibre.com.uy/MLU-450125728-imperdible-apartamento-2-dormitorioszona-centro-_JM
187,https://apartamento.mercadolibre.com.uy/MLU-449162635-gran-vista-muy-luminoso-y-ventilado-gc-2800-tza-lavad-_JM
188,https://apartamento.mercadolibre.com.uy/MLU-450352677-excelente-vista-sobre-rambla-sur-_JM
189,https://apartamento.mercadolibre.com.uy/MLU-450352729-duplex-de-1-dormitorio-en-calle-paraguay-_JM
190,https://apartamento.mercadolibre.com.uy/MLU-449824283-oportunidad-gastos-muy-bajos-con-balcon-200m-de-18-julio-_JM
191,https://apartamento.mercadolibre.com.uy/MLU-450228756-oportunidad-1-dormitorio-reciclado-a-nuevo-_JM
192,https://apartamento.mercadolibre.com.uy/MLU-450330276-apartamento-avda-uruguay-1397-apto305-en-alquiler-_JM
193,https://apartamento.mercadolibre.com.uy/MLU-450412105-apartamento-en-alquiler-zona-centro-a-estrenar-_JM
194,https://apartamento.mercadolibre.com.uy/MLU-449858098-reservado-consulte-otras-opciones-_JM
195,https://apartamento.mercadolibre.com.uy/MLU-450550547-apartamento-de-1-dormitorio-en-palacio-salvo-_JM
196,https://apartamento.mercadolibre.com.uy/MLU-450150202-excelente-ubicacion-2-dormitorios-1-con-placard-_JM
197,https://apartamento.mercadolibre.com.uy/MLU-449926088-oportunidad-1-dormitorio-a-media-cuadra-de-la-rambla-_JM
198,https://apartamento.mercadolibre.com.uy/MLU-450414679-imperdible-gastos-muy-bajos-terraza-lavadero-2-dorm-_JM
199,https://apartamento.mercadolibre.com.uy/MLU-450152380-apartamentos-en-centro-_JM
200,https://apartamento.mercadolibre.com.uy/MLU-449324187-a-mts-de-pza-independencia-ideal-oficina-o-vivienda-_JM
201,https://apartamento.mercadolibre.com.uy/MLU-449740082-a-1-cuadra-de-plaza-independenciaamplio-luminoso-_JM
202,https://apartamento.mercadolibre.com.uy/MLU-450328524-oportunidad-departamento-de-un-dormitorio-_JM
203,https://apartamento.mercadolibre.com.uy/MLU-448631309-venta-y-alquiler-apto-centro-2-dormitorios-_JM
204,https://apartamento.mercadolibre.com.uy/MLU-449215636-apartamento-de-dos-dormitorios-en-centro-_JM
205,https://apartamento.mercadolibre.com.uy/MLU-449321985-casa-central-pent-house-vista-mar-terraza-vista-alquiler-_JM
206,https://apartamento.mercadolibre.com.uy/MLU-449162710-gastos-muy-bajos-3ro-por-escaleras-todas-las-garantias-_JM
207,https://apartamento.mercadolibre.com.uy/MLU-450312916-divino-y-comodo-apto-en-pleno-centro-_JM
208,https://apartamento.mercadolibre.com.uy/MLU-449609790-impecable-porteria-2-dorm-2-banos-cerca-de-todo-_JM
209,https://apartamento.mercadolibre.com.uy/MLU-450696322-apartamento-centrico-1-dormitorio-bien-iluminado-_JM
210,https://apartamento.mercadolibre.com.uy/MLU-450679003-lindo-apartamento-seguro-con-patio-_JM
211,https://apartamento.mercadolibre.com.uy/MLU-450697360-alquiler-apto-1-dorm-piso-5-con-vista-a-la-bahia-_JM
212,https://apartamento.mercadolibre.com.uy/MLU-450613638-apartamento-tipo-casa-la-frente-a-estrenar-_JM
213,https://apartamento.mercadolibre.com.uy/MLU-449834253-alquiler-apartamento-en-centro-dos-dormitorios-av-libertador-_JM
214,https://apartamento.mercadolibre.com.uy/MLU-449383747-oportunidad-apartamento-grande-en-el-centro-_JM
215,https://apartamento.mercadolibre.com.uy/MLU-450481822-monoambiente-zona-centro-soriano-y-carlos-quijano-_JM
216,https://apartamento.mercadolibre.com.uy/MLU-450356443-apartamento-calle-ciudadela-y-soriano-1-dorm-_JM
217,https://apartamento.mercadolibre.com.uy/MLU-450251491-apartamento-en-alquiler-en-centro-_JM
218,https://apartamento.mercadolibre.com.uy/MLU-450690835-gran-oportunidad-excelente-apartamento-_JM
219,https://apartamento.mercadolibre.com.uy/MLU-450605005-dueno-alquila-penthouse-duplex-_JM
220,https://apartamento.mercadolibre.com.uy/MLU-450581760-apartamento-en-alquiler-en-centro-_JM
221,https://apartamento.mercadolibre.com.uy/MLU-450563978-a-pasos-del-centro-y-facultadesmuy-buen-apto-bajos-gcomune-_JM
222,https://apartamento.mercadolibre.com.uy/MLU-450535203-apartamento-centro-18-de-julio-apartamento-de-1-dormitorio-_JM
223,https://apartamento.mercadolibre.com.uy/MLU-450354681-departamento-alto-con-gran-vista-y-hermosa-terraza-al-mar-_JM
224,https://apartamento.mercadolibre.com.uy/MLU-450521824-excelente-apartamento-de-1-dormitorio-en-18-de-julio-_JM
225,https://apartamento.mercadolibre.com.uy/MLU-450413636-traspaso-apartamento-muy-amplio-en-el-centro-de-montevideo-_JM
226,https://apartamento.mercadolibre.com.uy/MLU-450695940-apartamento-1-dormitorio-centro-_JM
227,https://apartamento.mercadolibre.com.uy/MLU-450325245-vivienda-estudio-consultorio-muy-comodo-e-iluminado-_JM
228,https://apartamento.mercadolibre.com.uy/MLU-450560896-apartamento-en-alquiler-en-centro-_JM
229,https://apartamento.mercadolibre.com.uy/MLU-450693281-apartamento-2-dormitorios-_JM
230,https://apartamento.mercadolibre.com.uy/MLU-450377070-apartamento-centro-centrico-1-dormitorio-con-patio-luminoso-_JM
231,https://apartamento.mercadolibre.com.uy/MLU-450278562-alquilo-apto-durazno-y-paraguay-_JM
232,https://apartamento.mercadolibre.com.uy/MLU-450051550-1-dormitorio-en-centro-50m2-al-frente-con-garage-_JM
233,https://apartamento.mercadolibre.com.uy/MLU-450403695-apartamento-muy-buena-vista-alquiler-o-venta-directa-_JM
